{
  "version": "5.0.0-alpha.0",
  "generatedAt": "2026-04-18T19:24:20.121Z",
  "bun": "1.3.6",
  "node": "v24.3.0",
  "platform": "linux-x64",
  "baselines_v4": {
    "pipeline50_ms": 2000,
    "router_warm_ms": 19,
    "router_cold_ms": 46,
    "security_read_ms": 6.5,
    "memory_bytes": 2200
  },
  "metrics": {
    "pipeline_50_tool_calls": {
      "wall_clock_ms": 1179.536182,
      "per_call_p50_ms": 21.952597,
      "per_call_p95_ms": 34.998413,
      "per_call_max_ms": 37.862484,
      "stages_ns": {
        "memory": {
          "p50": 13828,
          "p95": 43511,
          "mean": 18890.8
        },
        "router": {
          "p50": 20372078,
          "p95": 33510782,
          "mean": 21879908.7
        },
        "security": {
          "p50": 42394,
          "p95": 66349,
          "mean": 46369.34
        },
        "dispatcher": {
          "p50": 1437204,
          "p95": 1955569,
          "mean": 1517297.16
        },
        "failover": {
          "p50": 65302,
          "p95": 128020,
          "mean": 77395.88
        },
        "budget": {
          "p50": 16273,
          "p95": 36178,
          "mean": 27162.88
        }
      },
      "iterations": 50
    },
    "router": {
      "cold_p50_ms": 154.960263,
      "cold_p95_ms": 178.514543,
      "cold_max_ms": 196.884887,
      "warm_p50_ms": 21.885131,
      "warm_p95_ms": 31.940252,
      "warm_max_ms": 43.05571,
      "warm_mean_ms": 23.269410079999997,
      "skill_count": 194,
      "agent_count": 170,
      "iterations": 1000
    },
    "security": {
      "p50_ms": 0.006635,
      "p95_ms": 0.020883,
      "max_ms": 0.672925,
      "mean_ms": 0.009671619000000001,
      "throughput_ops_sec": 81717.191997893,
      "blocked": 295,
      "safe": 705,
      "iterations": 1000
    },
    "memory": {
      "cold_ms": 1.534354,
      "hot_p50_ms": 0.004819,
      "hot_p95_ms": 0.012851,
      "hot_max_ms": 0.033594,
      "bytes_injected": 1189,
      "iterations": 100
    }
  },
  "deltas_vs_v4": {
    "pipeline50": {
      "deltaPct": -41.023190899999996,
      "regressed": false
    },
    "router_warm": {
      "deltaPct": 15.184900000000006,
      "regressed": true
    },
    "router_cold": {
      "deltaPct": 236.87013695652172,
      "regressed": true
    },
    "security": {
      "deltaPct": -99.89792307692308,
      "regressed": false
    },
    "memory_bytes": {
      "deltaPct": -45.95454545454545,
      "regressed": false
    }
  },
  "verdict": {
    "label": "optimize-first",
    "summary": "Regressions >10% detected in: router_warm, router_cold.",
    "regressions": [
      "router_warm",
      "router_cold"
    ]
  }
}
