{
  "version": "5.0.0-alpha.0",
  "generatedAt": "2026-04-18T21:41:06.469Z",
  "bun": "1.3.12",
  "node": "v24.3.0",
  "platform": "linux-x64",
  "baselines_v4": {
    "pipeline50_ms": 2000,
    "router_warm_ms": 19,
    "router_cold_ms": 46,
    "security_read_ms": 6.5,
    "memory_bytes": 2200
  },
  "metrics": {
    "pipeline_50_tool_calls": {
      "wall_clock_ms": 1303.147925,
      "per_call_p50_ms": 21.92904,
      "per_call_p95_ms": 43.919959,
      "per_call_max_ms": 72.251669,
      "stages_ns": {
        "memory": {
          "p50": 13480,
          "p95": 31848,
          "mean": 16720.26
        },
        "router": {
          "p50": 19806271,
          "p95": 41650104,
          "mean": 23807388.32
        },
        "security": {
          "p50": 30451,
          "p95": 89398,
          "mean": 38345.94
        },
        "dispatcher": {
          "p50": 1436714,
          "p95": 5596975,
          "mean": 2016073.2
        },
        "failover": {
          "p50": 34642,
          "p95": 99734,
          "mean": 107067.38
        },
        "budget": {
          "p50": 40369,
          "p95": 97290,
          "mean": 51573.9
        }
      },
      "iterations": 50
    },
    "router": {
      "cold_p50_ms": 133.415367,
      "cold_p95_ms": 150.148034,
      "cold_max_ms": 170.037331,
      "warm_p50_ms": 21.294876,
      "warm_p95_ms": 33.690657,
      "warm_max_ms": 53.611743,
      "warm_mean_ms": 23.329728991,
      "skill_count": 194,
      "agent_count": 170,
      "iterations": 1000
    },
    "security": {
      "p50_ms": 0.005727,
      "p95_ms": 0.019905,
      "max_ms": 0.524651,
      "mean_ms": 0.008414803,
      "throughput_ops_sec": 89402.02472341474,
      "blocked": 295,
      "safe": 705,
      "iterations": 1000
    },
    "memory": {
      "cold_ms": 1.622702,
      "hot_p50_ms": 0.005797,
      "hot_p95_ms": 0.013758,
      "hot_max_ms": 0.03534,
      "bytes_injected": 1189,
      "iterations": 100
    }
  },
  "deltas_vs_v4": {
    "pipeline50": {
      "deltaPct": -34.84260375,
      "regressed": false
    },
    "router_warm": {
      "deltaPct": 12.078294736842098,
      "regressed": true
    },
    "router_cold": {
      "deltaPct": 190.03340652173915,
      "regressed": true
    },
    "security": {
      "deltaPct": -99.91189230769231,
      "regressed": false
    },
    "memory_bytes": {
      "deltaPct": -45.95454545454545,
      "regressed": false
    }
  },
  "verdict": {
    "label": "optimize-first",
    "summary": "Regressions >10% detected in: router_warm, router_cold.",
    "regressions": [
      "router_warm",
      "router_cold"
    ]
  }
}
