{
  "version": "5.0.0-alpha.0",
  "generatedAt": "2026-04-18T21:56:21.261Z",
  "bun": "1.3.12",
  "node": "v24.3.0",
  "platform": "linux-x64",
  "baselines_v4": {
    "pipeline50_ms": 2000,
    "router_warm_ms": 19,
    "router_cold_ms": 46,
    "security_read_ms": 6.5,
    "memory_bytes": 2200
  },
  "metrics": {
    "pipeline_50_tool_calls": {
      "wall_clock_ms": 64.097652,
      "per_call_p50_ms": 0.855529,
      "per_call_p95_ms": 2.970813,
      "per_call_max_ms": 3.324129,
      "stages_ns": {
        "memory": {
          "p50": 9079,
          "p95": 22208,
          "mean": 12080.76
        },
        "router": {
          "p50": 530567,
          "p95": 1533317,
          "mean": 762641.06
        },
        "security": {
          "p50": 12292,
          "p95": 41484,
          "mean": 19260.18
        },
        "dispatcher": {
          "p50": 261268,
          "p95": 1593378,
          "mean": 427581.1
        },
        "failover": {
          "p50": 12431,
          "p95": 91698,
          "mean": 25639.16
        },
        "budget": {
          "p50": 6495,
          "p95": 40087,
          "mean": 17910.84
        }
      },
      "iterations": 50
    },
    "router": {
      "cold_p50_ms": 68.371445,
      "cold_p95_ms": 73.110363,
      "cold_max_ms": 80.08134,
      "warm_p50_ms": 0.606831,
      "warm_p95_ms": 1.348941,
      "warm_max_ms": 3.025427,
      "warm_mean_ms": 0.7088499690000001,
      "skill_count": 194,
      "agent_count": 170,
      "iterations": 1000
    },
    "security": {
      "p50_ms": 0.005308,
      "p95_ms": 0.014247,
      "max_ms": 0.516599,
      "mean_ms": 0.00725537,
      "throughput_ops_sec": 108278.47404445871,
      "blocked": 295,
      "safe": 705,
      "iterations": 1000
    },
    "memory": {
      "cold_ms": 2.147202,
      "hot_p50_ms": 0.004819,
      "hot_p95_ms": 0.017389,
      "hot_max_ms": 0.048259,
      "bytes_injected": 1189,
      "iterations": 100
    }
  },
  "deltas_vs_v4": {
    "pipeline50": {
      "deltaPct": -96.79511740000001,
      "regressed": false
    },
    "router_warm": {
      "deltaPct": -96.80615263157894,
      "regressed": false
    },
    "router_cold": {
      "deltaPct": 48.63357608695651,
      "regressed": true
    },
    "security": {
      "deltaPct": -99.91833846153845,
      "regressed": false
    },
    "memory_bytes": {
      "deltaPct": -45.95454545454545,
      "regressed": false
    }
  },
  "verdict": {
    "label": "optimize-first",
    "summary": "Regressions >10% detected in: router_cold.",
    "regressions": [
      "router_cold"
    ]
  }
}
