{
  "version": "5.0.0-alpha.0",
  "generatedAt": "2026-04-18T20:13:31.686Z",
  "bun": "1.3.12",
  "node": "v24.3.0",
  "platform": "linux-x64",
  "baselines_v4": {
    "pipeline50_ms": 2000,
    "router_warm_ms": 19,
    "router_cold_ms": 46,
    "security_read_ms": 6.5,
    "memory_bytes": 2200
  },
  "metrics": {
    "pipeline_50_tool_calls": {
      "wall_clock_ms": 1302.577219,
      "per_call_p50_ms": 23.933678,
      "per_call_p95_ms": 36.98896,
      "per_call_max_ms": 40.571334,
      "stages_ns": {
        "memory": {
          "p50": 14188,
          "p95": 42354,
          "mean": 19445.16
        },
        "router": {
          "p50": 21231013,
          "p95": 35496916,
          "mean": 23849532.74
        },
        "security": {
          "p50": 31032,
          "p95": 80096,
          "mean": 39356.84
        },
        "dispatcher": {
          "p50": 1584580,
          "p95": 4747171,
          "mean": 1999972.84
        },
        "failover": {
          "p50": 63321,
          "p95": 156764,
          "mean": 83178.46
        },
        "budget": {
          "p50": 18521,
          "p95": 39209,
          "mean": 32598.52
        }
      },
      "iterations": 50
    },
    "router": {
      "cold_p50_ms": 143.561349,
      "cold_p95_ms": 160.551718,
      "cold_max_ms": 213.532479,
      "warm_p50_ms": 23.29582,
      "warm_p95_ms": 33.822251,
      "warm_max_ms": 53.762973,
      "warm_mean_ms": 24.778983078000003,
      "skill_count": 194,
      "agent_count": 170,
      "iterations": 1000
    },
    "security": {
      "p50_ms": 0.005661,
      "p95_ms": 0.017543,
      "max_ms": 0.654534,
      "mean_ms": 0.008795423,
      "throughput_ops_sec": 89656.86167273165,
      "blocked": 295,
      "safe": 705,
      "iterations": 1000
    },
    "memory": {
      "cold_ms": 1.92628,
      "hot_p50_ms": 0.005242,
      "hot_p95_ms": 0.013279,
      "hot_max_ms": 0.023763,
      "bytes_injected": 1189,
      "iterations": 100
    }
  },
  "deltas_vs_v4": {
    "pipeline50": {
      "deltaPct": -34.87113905,
      "regressed": false
    },
    "router_warm": {
      "deltaPct": 22.609578947368416,
      "regressed": true
    },
    "router_cold": {
      "deltaPct": 212.0898891304348,
      "regressed": true
    },
    "security": {
      "deltaPct": -99.9129076923077,
      "regressed": false
    },
    "memory_bytes": {
      "deltaPct": -45.95454545454545,
      "regressed": false
    }
  },
  "verdict": {
    "label": "optimize-first",
    "summary": "Regressions >10% detected in: router_warm, router_cold.",
    "regressions": [
      "router_warm",
      "router_cold"
    ]
  }
}
